tag,komentarz,timestamp
gieÅ‚da,"Tu byÅ‚ komentarz o koncie OKI, ale jednak muszÄ™ dokÅ‚adnie przeczytaÄ‡ projekt ustawy, bo nie rozumiem do koÅ„ca jak to dziaÅ‚a :D Teraz znowu wydaje mi siÄ™, Å¼e zwolnione z podatku bÄ™dÄ… faktycznie gÅ‚Ã³wnie inwestycje krajowe. Powiem o tym w przyszÅ‚ych odcinkach.
Ja tu mÃ³wiÅ‚em gÅ‚Ã³wnie o polskim rynku akcji, a XTB przygotowaÅ‚o taki szerszy raport o sytuacji makro w 2026. JeÅ¼eli ktoÅ› ma ochotÄ™ to link do pobrania tutaj: https://geolink.xtb.com/1Qfyb",2025-12-07 04:49:50
gieÅ‚da,"SÄ…dzÄ™ po gÅ‚osie ,Å¼e mentor jest w zbyt mÅ‚odym wieku ,Å¼eby cokolwiek widzieÄ‡ o rynku . No chyba ,Å¼e siÄ™ mylÄ™ i mentor jest na rynku od poczÄ…tku 21 wieku. Pytanie teÅ¼ czy mentor utrzymuje siÄ™ z inwestycji i tradingu ,czy tak jak reszta miernot z subskr i reklam . Na logikÄ™ w sumie ....jeÅ›li ktoÅ› zarabia na rynku, nie nagrywa rÃ³Å¼nych bzdur .",2025-12-07 04:49:50
gieÅ‚da,Gdzie inwestowanie 500,2025-12-07 04:49:50
gieÅ‚da,"to prawda co mowisz z tym ze polskie spolki sa dobrze wycenianie dopiero po jakims czasie, zastanawia mnie czy inpost ktory nawiazal wspolprace z ebayem w uk chociaz troche odbije bo to nie maly rynek jedak",2025-12-07 04:49:50
gieÅ‚da,DziÄ™ki za materiaÅ‚!,2025-12-07 04:49:50
gieÅ‚da,ğŸ˜Šâ¤,2025-12-07 04:49:50
gieÅ‚da,mWIG80? KupiÅ‚em w piÄ…tek.,2025-12-07 04:49:50
gieÅ‚da,halo kiedy inwestowanie 500zl odbiUr,2025-12-07 04:49:50
gieÅ‚da,Ciekawe,2025-12-07 04:49:50
gieÅ‚da,Digital Network coÅ› mocno zanurkowaÅ‚ po tym Walnym....,2025-12-07 04:49:50
gieÅ‚da,"2 argumenty przeciwne:
OKI bÄ™dzie skaÅ¼one od razu narracjÄ… politycznÄ… - bÄ™dzie legenda o rekordowym deficycie i rzÄ…dzie tu$$ka, ktÃ³ry po raz kolejny chce zagrabiÄ‡ majÄ…tki PolakÃ³w
Kapitalizacja GPW to ok 2 biliony PLN (dwa tysiÄ…ce miliardÃ³w),  obecnie jest ~milion rachunkÃ³w IKE, na ktÃ³rych ludzie majÄ… ok 27mld PLN. 10 miliardÃ³w zÅ‚otych to sto tysiÄ™cy ludzi Å‚adujÄ…cych w gieÅ‚dÄ™ sto tysiÄ™cy zÅ‚otych - moÅ¼e jest to moÅ¼liwe, ale tylko w jakimÅ› bankowym opakowaniu, moÅ¼e TFI, tylko Å¼e takie rzeczy dla mas brzmiÄ… jak amber gold.",2025-12-07 04:49:50
gieÅ‚da,Nie masz juÅ¼ nieinwestujÄ…cych znajomych? UwaÅ¼aj bo po zmianie trendu zaczniesz mieÄ‡ kÅ‚opoty z tymi inwestujÄ…cymi. ZaÅ‚oÅ¼Ä™ siÄ™ Å¼e z fumfla staniesz gÅ‚Ã³wnym sprawcÄ… ich przyszÅ‚ych strat...:),2025-12-07 04:49:50
gieÅ‚da,CzeÅ›Ä‡. Niedawno wpadÅ‚em na TwÃ³j kanaÅ‚ i postanowiÅ‚em wejÅ›Ä‡ w inwestowanie dywidendowe. Mam do Ciebie w sumie jedno pytanie jak zapatrujesz siÄ™ na przyjÄ™cie BGMO przez Digital Network i zapowiadany spÃ³r prawny z jednym z wÅ‚aÅ›cicieli BGMO. Rynek doÅ›Ä‡ mocno zareagowaÅ‚ spadkiem i myÅ›lÄ™ czy w to nie wejÅ›Ä‡ korzystajÄ…c z dostÄ™pnej promocji. Nie dysponuje wielkim kapitaÅ‚em narazie i chciaÅ‚bym usÅ‚yszeÄ‡ opinie osoby duÅ¼o bardziej doÅ›wiadczonej. Pozdrawiam robisz super robotÄ™ i dziÄ™ki Tobie naprawdÄ™ duÅ¼o siÄ™ nauczyÅ‚em.,2025-12-07 04:49:50
gieÅ‚da,rysunki coraz  lepsze:),2025-12-07 04:49:50
gieÅ‚da,Czyli wyciagamy zapasy ze skarpety i wszystko na swig80ğŸ˜Š,2025-12-07 04:49:50
gieÅ‚da,"Ostatnio miaÅ‚em rozkmine , mÃ³wiÅ‚eÅ› Å¼e dziaÅ‚asz prawie 3 lata i masz zysk tylko 25% wiÄ™c nie za duÅ¼o moim zdaniem",2025-12-07 04:49:50
gieÅ‚da,No ale kto tÄ… eforie wywoÅ‚uje? No Ty! Ty tu jesteÅ› winien poczesci. Niech kaÅ¼dy co subskrybuje wrzuci 100zl /msc i juÅ¼ na gieÅ‚dÄ™ wpada 10mln zÅ‚!;),2025-12-07 04:49:50
gieÅ‚da,WIG to the moon! Polska guuuurom,2025-12-07 04:49:50
gieÅ‚da,"hej, jakie ksiÄ…Å¼ki polecaÅ‚ autor tego kanaÅ‚u, nie mogÄ™ siÄ™ doszukaÄ‡, wybieram sobie prezent na Å›wiÄ™ta (od siostry)  dziÄ™ki za pomoc :)",2025-12-07 04:49:50
gieÅ‚da,"Dodatkowo w 2026 wejdzie OKI, to dodatkowy boost dla GPW",2025-12-07 04:49:50
gieÅ‚da,"A bÄ™dzie film o tym, czy warto teraz na koniec roku zaczÄ…Ä‡ inwestowaÄ‡, bo czytam rÃ³Å¼nie. WÅ‚aÅ›nie zaÅ‚oÅ¼yÅ‚em rachunek i mam ochotÄ™ coÅ› zaczÄ…Ä‡ kombinowaÄ‡ ğŸ˜",2025-12-07 04:49:50
gieÅ‚da,Ciekawe przemyÅ›lenia i potencjalne scenariusze :),2025-12-07 04:49:50
gieÅ‚da,W 2026 Rosja zacznie robiÄ‡ rzeczy ktÃ³rych jeszcze nie robiÅ‚a przy zwijaniu siÄ™ amerykaÅ„skich sojusznikÃ³w. Geopolityka w tych czasach w tym miejscu Å›wiata bÄ™dzie podstawÄ… inwestowania. Tak czy inaczej KLEPSYDRA bÄ™dzie miaÅ‚a Å›wietne moÅ¼liwoÅ›ci dalszego rozwoju,2025-12-07 04:49:50
gieÅ‚da,"Witam ,pozdrawiam â¤ğŸ˜Šâ¤ğŸ˜Šâ¤ğŸ˜Š",2025-12-07 04:49:50
gieÅ‚da,"Hejka, dziÄ™ki za odcinek, Å›wietny! BÄ™dzie hossa euphoryjna :)",2025-12-07 04:49:50
gieÅ‚da,"MÃ³wisz, Å¼e zostaÅ‚ miesiÄ…c na wykorzystanie limitÃ³w IKE/IKZE, ale chyba raczej zostaÅ‚o 2 tygodnie? GieÅ‚da zamyka rok wczeÅ›niej?",2025-12-07 04:49:50
gieÅ‚da,"Åšwietny film! CieszÄ™ siÄ™, Å¼e podjÄ…Å‚em wÅ‚aÅ›ciwÄ… decyzjÄ™, mÄ…drze inwestujÄ…c. Niedawno kupiÅ‚em swÃ³j trzeci dom w moim wieku i myÅ›lÄ™, Å¼e jeÅ›li tak dalej pÃ³jdzie, bÄ™dÄ™ mÃ³gÅ‚ przejÅ›Ä‡ na wczeÅ›niejszÄ… emeryturÄ™.",2025-12-07 04:49:50
gieÅ‚da,"Co myÅ›lisz o przyszÅ‚osci KGHM ktÃ³ra planuje nowe inwestycje ,czy moÅ¼e kurs pÃ³jÅ›Ä‡ mocno w gÃ³rze po paru latach stagnacji?",2025-12-07 04:49:50
gieÅ‚da,"Dobrze Å¼e Trump tÄ… nadodaÅ¼ uruchomiÅ‚ ale ropa tanieje ale na stacjach to juÅ¼ nie koniecznie ,oby siÄ™ to zmieniÅ‚o to moze pobudzi bardziej gospodarkÄ™",2025-12-07 04:49:50
gieÅ‚da,"Czesc masz teÅ¼ portfel w obligacjach ,czy jeszcze to siÄ™ opÅ‚aca ,,czy nawet lokaty je przebijajÄ…?)pozdrawiam",2025-12-07 04:49:50
gieÅ‚da,"Ceny gazu moÅ¼e i wrÃ³ciÅ‚y do dawnych poziomÃ³w, ale przynajmniej rachunki za niego sÄ… 3x wyÅ¼sze :) Za prÄ…d teÅ¼ 2-3x wiÄ™cej.",2025-12-07 04:49:50
gieÅ‚da,"TeÅ¼ czekam na silny SWIG80, dziÄ™ki za kolejny dobry materiaÅ‚!",2025-12-07 04:49:50
gieÅ‚da,"Ta ""hossa pokoleniowa"", stoi trochÄ™ w sprzecznoÅ›ci z globalnymi cyklami koniunktury.
A co do luki mieszkaniowej, wedÅ‚ug mnie jest to odrealniony wskaÅºnik, problem leÅ¼y gdzie indziej niÅ¼ w nie istnieniu mieszkaÅ„ (braku).",2025-12-07 04:49:50
gieÅ‚da,Od stycznia inwestuje z TobÄ… szefie i wyglÄ…da to naprawdÄ™ fajnie. ğŸ‘ mam polskie akcje wymieszane z amerykaÅ„skimi i ok 15% zysku âœ‹ğŸ»,2025-12-07 04:49:50
gieÅ‚da,"KtÃ³re bessy juÅ¼ przeÅ¼yÅ‚eÅ›? 2000-2001, 2007-2008? Brzmisz doÅ›Ä‡ 'mÅ‚odo'.",2025-12-07 04:49:50
gieÅ‚da,DziÄ™ki za materiaÅ‚ !,2025-12-07 04:49:50
gieÅ‚da,"Czyli co, all in w swig?ğŸ˜†",2025-12-07 04:49:50
gieÅ‚da,"Ciekawe jest te OKI, bo wydaje siÄ™ oki ğŸ˜…ciekawe jak bÄ™dzie",2025-12-07 04:49:50
gieÅ‚da,"Nie boisz siÄ™, Å¼e jesteÅ› zbyt sÅ‚abo zdywersyfikowany walutowo? W koÅ„cu w duÅ¼ej czÄ™Å›ci trzymasz kapitaÅ‚ na GPW czyli moÅ¼na chyba powiedzieÄ‡, Å¼e inwestujesz w PLN.",2025-12-07 04:49:50
gieÅ‚da,Co chwilÄ™ zaskakujesz nowym pomysÅ‚em na odcinek. Super. DziÄ™ki i pozdrawiam serdecznie ğŸ˜Š,2025-12-07 04:49:50
gieÅ‚da,"Mistrzu nasz i mentorze - istotny temat do przeanalizowania - prezesi najwiÄ™kszych spÃ³Å‚ek technologicznych wyprzedajÄ… akcje w iloÅ›ciach niewidocznych od dekad.  Ja nie wiem jak sprawdziÄ‡ wiarygodnoÅ›Ä‡ informacji poza prasÄ… i AI i ciekaw jestem jak osoba bardziej doÅ›wiadczona ode mnie to interpretuje, czy to aby nie powÃ³d Å¼eby zmniejszyÄ‡ tak pozytywne nastawienie bo NASDAQ oddziaÅ‚ywuje na gieÅ‚dy Å›wiatowe",2025-12-07 04:49:50
gieÅ‚da,Etf...invesco KBWB tiker  nasdaq co sÄ…dzisz?,2025-12-07 04:49:50
gieÅ‚da,"Å›wietna analiza. mÄ…drego zawsze miÅ‚o posÅ‚uchaÄ‡ z rana. Aha, pamietajcie, ze komentarze powyzy 7 wyrazÃ³w najlepiej podbijajÄ… zasiegi ğŸ‘",2025-12-07 04:49:50
gieÅ‚da,"Co do promowania inwestowania (i czÄ™sto niestety teÅ¼ brokera na 3 literyğŸ˜…) to zauwaÅ¼yÅ‚em, Å¼e faktycznie biorÄ… juz w tym udziaÅ‚ osoby w ogÃ³le z innej gaÅ‚Ä™zi rozrywki na YT, np kanaÅ‚ Bez Schematu. Inwestowanie powoli zaczyna wyskakiwaÄ‡ z lodÃ³wki",2025-12-07 04:49:50
gieÅ‚da,Aeaeao!,2025-12-07 04:49:50
gieÅ‚da,"DziÄ™ki za film :)
MyÅ›lÄ™, Å¼e ta teoria ma prawo siÄ™ sprawdziÄ‡, zwÅ‚aszcza gdy paradygmat wiecznie rosnÄ…cego betonu wydaje siÄ™ pÄ™kaÄ‡, a na kontach bankowych PolakÃ³w zalega masa gotÃ³wki",2025-12-07 04:49:50
gieÅ‚da,"Polska gieÅ‚da? Maksymalnie 3% kapitaÅ‚u. Inwestowanie tu wiÄ™cej to zachowanie hazardowe. Nawet OKI ma na celu zahamowanie odpÅ‚ywu kapitaÅ‚u w aktywa zagraniczne, bez ryzyk geopolitycznych i wojennych jak u nas.",2025-12-07 04:49:50
gieÅ‚da,"A co to mi dziÅ› algorytm YT podrzuciÅ‚ z rana - chyba juÅ¼ gdzieÅ› takÄ… skrzynkÄ™ i koperty widziaÅ‚em ğŸ˜

0:46
https://youtu.be/wRpuuhYwHbM",2025-12-07 04:49:50
gieÅ‚da,Martwi mnie tylko to Å¼e teraz NATO  bez ameryki oraz to Å¼e  nie mamy jakichkolwiek kontaktÃ³w czy to z rosjÄ… czy to z niemcami czy z jakimkolwiek innym paÅ„stwem spowoduje Å¼e w Polsce bÄ™dzie wojna bo do tego dojdzie zapewne. A wtedy caÅ‚y rynek Polski bÄ™dzie Å›wieciÅ‚ czerwono jak cholera tracÄ…c wszystkie oszczÄ™dnoÅ›ci ludzi.,2025-12-07 04:49:50
gieÅ‚da,Ciekawe podejÅ›cie w tych czasach oby siÄ™ dobrze zestarzaÅ‚ ten odcinek,2025-12-07 04:49:50
gieÅ‚da,"Czy wig20tr bÄ™dzie dobrym etfem? Wspominasz o wig20 ale na xtb widzÄ™ trzy rÃ³Å¼ne z koÅ„cÃ³wkÄ… tr, lev, short. Jako tako nic w to nie inwestuje jeszcze ale chciaÅ‚bym dodaÄ‡ do ulubionych i obserwowaÄ‡",2025-12-07 04:49:50
gieÅ‚da,Niby z czego miaÅ‚aby wynikaÄ‡ tÄ… hossa? ..Å¼e wzrostu cen energii ? gdzie fundamenty ? Pachnie bzdurÄ…,2025-12-07 04:49:50
gieÅ‚da,"o opodatkowaniu mieszkaÅ„ mÃ³wi tylko partia Razem. gÅ‚oÅ›ni, ale nie majÄ… wpÅ‚ywu na takie decyzje",2025-12-07 04:49:50
gieÅ‚da,"Halo... Chyba ktoÅ› zapomniaÅ‚, Å¼e na naszej gieÅ‚dzie mamy 70 % kapitaÅ‚u... I od nas niewiele zaleÅ¼y. Patrz np. CCC,Å¼e 20 procent shortow... Dino, Lpp. Co powiesz ludziom, ktÃ³rzy majÄ… 30 % straty w tej hossie? MÃ³wi siÄ™ o nowych inwestora h, ktÃ³rzy majÄ… wtopy.. I chcemy stawiaÄ‡ na tych nowych i naiwnych?",2025-12-07 04:49:50
gieÅ‚da,"wzrosty bÄ™dÄ… takie same jak na REITach w USA ?
Ile na minusie Aleksandria czy Vici ?
Tam nie wpÅ‚ywasz fimikami na kursy to rynek ciÄ™ wyjaÅ›niÅ‚ szybko.",2025-12-07 04:49:50
gieÅ‚da,"Dobra analiza, stary. ZaczÄ…Å‚em w zeszÅ‚ym tygodniu z $5000 dolarÃ³w, a teraz mam $22 500. RozmawiaÅ‚em ostatnio o tym z synem â€“ bogactwo pokoleniowe to nie tylko gromadzenie pieniÄ™dzy. Chodzi o nauczenie kaÅ¼dego, jak je zarabiaÄ‡, ale takÅ¼e jak je zatrzymaÄ‡. Nie ma sensu utrzymywaÄ‡ rodziny, jeÅ›li nie rozumie, jak nimi zarzÄ…dzaÄ‡ i o nie dbaÄ‡. GratulujÄ™ tej aktualizacji. ğŸ™ğŸ‡µğŸ‡±",2025-12-07 04:49:50
gieÅ‚da,Co uwaÅ¼asz o 18 letnim cyklu makroekonomicznym? MoÅ¼e rozwiniesz w nastÄ™pnym odcinku. Pozdrawiam ;D,2025-12-07 04:49:50
gieÅ‚da,"Co myÅ›lisz o elektrotim? Niby fajny backlog i perspektywy, ale wyniki to jakiÅ› dramat...",2025-12-07 04:49:50
gieÅ‚da,Gdzie te reity. SzczegÃ³lnie Alexandria.,2025-12-07 04:49:50
gieÅ‚da,"Nie zgadzaÄ‡ to ja siÄ™ mogÄ™ z kato pato prawicÄ…, poprzednim bandyckim skorumpowanym rzÄ…dem i inflacjÄ… powyÅ¼ej 20%, ktÃ³ra wtedy miaÅ‚a miejsce.",2025-12-07 04:49:50
gieÅ‚da,"No dobra? Gdzie wyladuje Orlen. A z resztÄ…, nie waÅ¼ne, poszÅ‚o w aborcje...",2025-12-07 04:49:50
gieÅ‚da,WÄ…ski co ty wiesz o zabijaniu,2025-12-07 04:49:50
gieÅ‚da,DziÄ™ki za kolejny arcyciekawy odcinek. MÄ…drego zawsze warto posÅ‚uchaÄ‡,2025-12-07 04:49:50
gieÅ‚da,"Siema. ChciaÅ‚bym was prosiÄ‡ o polecenie mi ksiÄ…Å¼ki z tematu: psychologia inwestowania, wycena spÃ³Å‚ek itd. Pytam wyÅ‚Ä…cznie o ksiÄ…Å¼ki na poziomie wiedzy inwestycyjnej Å›rednio/wysokim. MÃ³wiÄ…c to mam na myÅ›li, Å¼eby autor nie tÅ‚umaczyÅ‚ czym sÄ… obligacje akcje itd., totalne podstawy. Z gÃ³ry dziÄ™kujÄ™",2025-12-07 04:49:50
gieÅ‚da,"KGHM piÄ™knie roÅ›nieğŸ‰
Czekamy kiedy WIG80 odbije",2025-12-07 04:49:50
gieÅ‚da,"szczere dziÄ™ki za ten kanaÅ‚, zaczÄ…Å‚em zabawÄ™ z inwestowaniem w lutym tego roku, wpÅ‚acajÄ…c pierwsze 2 tysiÄ…ce zÅ‚otych na konto IKE, i tak powoli z miesiÄ…ca na miesiÄ…c dopÅ‚acaÅ‚em, dobieraÅ‚em spÃ³Å‚ki (chodÅº 50% trzymam w ETFie na S&P 500, reszta w Polskiej czÄ™Å›ci), i do koÅ„ca miesiÄ…ce wypeÅ‚nie limit na ten rok, a na przyszÅ‚oroczny mam juÅ¼ odÅ‚oÅ¼onÄ… wiÄ™kszoÅ›Ä‡ budÅ¼etu. W sumie zastanawiam siÄ™ jak to rozegraÄ‡, bo o ile w tym roku kolejne zakupy to byÅ‚y po prostu kolejne wpÅ‚aty co miesiÄ…c, tak w przyszÅ‚ym roku gdy w styczniu bÄ™dÄ™ miaÅ‚ Å›rodki na caÅ‚y limit IKE to bÄ™dÄ™ musiaÅ‚ przemyÅ›leÄ‡ jak to dobrze rozegraÄ‡, i jak rozkÅ‚adaÄ‡ zakupy, np. kupiÄ‡ od razu i ewentualnie rebalansowaÄ‡, czy czÄ™Å›Ä‡ trzymaÄ‡ w gotÃ³wce i strategicznie dorzucaÄ‡ w momentach ktÃ³re uznam za odpowiednie",2025-12-07 04:49:50
gieÅ‚da,SÅ‚uchaj Å¼eby nie byÅ‚o teraz takiego dostÄ™pu do informacji Nikt by nie wiedziaÅ‚ Å¼e na gieÅ‚dzie poza tym Å¼e moÅ¼na straciÄ‡ moÅ¼na teÅ¼ zarobiÄ‡ inna sprawa to jest fakt Å¼e po prostu ludzi w Polsce wreszcie staÄ‡ na jakiekolwiek inwestowanie oszczÄ™dzanie,2025-12-07 04:49:50
gieÅ‚da,"Moim zdaniem trzeba dodaÄ‡ jeszcze istotnÄ… kwestiÄ™ jakÄ… sÄ… rozpedzajÄ…ce siÄ™ Å›rodki z KPO, pytaniem czy lepszym beneficjentem tych Å›rodkÃ³w bÄ™dzie swig czy bardziej mwig",2025-12-07 04:49:50
gieÅ‚da,"Czy braÅ‚eÅ› pod uwagÄ™, Å¼e to wszystko moÅ¼e juÅ¼ niedÅ‚ugo pierdyknÄ…Ä‡? Jaki masz scenariusz na takÄ… ewentualnoÅ›Ä‡? Pozdrawiam serdecznieğŸ‘‹",2025-12-07 04:49:50
gieÅ‚da,"Kierowniku where reity, dokupujesz po tych spadkach? Dolar ciÄ…gle mega tani i reity tak samo, teÅ¼ moÅ¼e byÄ‡ to fajna okazja Å¼eby zakumulowaÄ‡ tam teraz jakiÅ› kapitaÅ‚ bo wyceny sÄ… poniÅ¼ej Å›rednich",2025-12-07 04:49:50
gieÅ‚da,UwaÅ¼am Å¼e w tej chwili ulica kupuje wszystko jak popadnie jak leci szortujÄ… kombinujÄ…. A to musi EbnÄ…Ä‡. Musi.,2025-12-07 04:49:50
gieÅ‚da,DziÄ™ki za DNğŸ˜Š,2025-12-07 04:49:50
gieÅ‚da,"Witam, czy mÃ³gÅ‚byÅ› wyraziÄ‡ swojÄ… opiniÄ™ na temat Elektrotim s. a. ?",2025-12-07 04:49:50
gieÅ‚da,"DziÄ™ki za kolejny ciekawy odcinek. WidaÄ‡, Å¼e temat bardziej medialny siÄ™ robi i ludzie siÄ™ tym interesujÄ…. Jak ogÃ³lnie samopoczucie? Pozdrawiam i do nastÄ™pnego ğŸ’ª",2025-12-07 04:49:50
gieÅ‚da,"Komentarz taktyczny w celu nadgonienia nowych widzÃ³w, ergo nadgonienia nowych inwestorÃ³w i wywoÅ‚ania euforii, tak Å¼ebyÅ› nie miaÅ‚ w Å¼yciu za lekko i pojawiÅ‚ siÄ™ bÃ³l gÅ‚owy czy sprzedawaÄ‡ dobre spÃ³Å‚ki, ktÃ³re zdÄ…Å¼yÅ‚y nieracjonalnie urosnÄ…Ä‡.",2025-12-07 04:49:50
gieÅ‚da,"Od razu widaÄ‡, Å¼e zmieniÅ‚eÅ› montaÅ¼ystÄ™",2025-12-07 04:49:50
gieÅ‚da,"CzeÅ›Ä‡ 
Kiedy odcinek z GlobalEquityMomentum?",2025-12-07 04:49:50
gieÅ‚da,"dobry material - tak moze byc, masz moze to okrÄ…g BiaÅ‚ka - ze niska infacja i rosnÄ…ce PKB - to dobry czas dla akcji",2025-12-07 04:49:50
gieÅ‚da,"Hej, czy moÅ¼esz poleciÄ‡ ÅºrÃ³dÅ‚a z ktÃ³rych czerpaÅ‚eÅ› wiedze dotyczÄ…cÄ… strategii GEM. ChciaÅ‚bym zgÅ‚Ä™biÄ‡ wiedze w tym zakresie ale ciÄ™Å¼ko mi znaleÅºÄ‡ coÅ› poza Twoim kanaÅ‚em, dosÅ‚ownie wpisujÄ…c global equity momentum w wyszukiwarkÄ™ YouTube wyÅ›wietla mi siÄ™ Å›ciana Twoich odcinkÃ³w ktÃ³re oczywiÅ›cie mam juÅ¼ dawno oglÄ…dniÄ™te i coÅ› tam od System Trader, i czy nie chcesz rozszerzyÄ‡ moÅ¼e tematu na swoim kanale czÄ™Å›ciej?",2025-12-07 04:49:50
gieÅ‚da,Jak zainwestowaÄ‡ w Beta ETF sWIG80TR? Nie mogÄ™ znaleÅºÄ‡ po tickerze na XTB,2025-12-07 04:49:50
gieÅ‚da,Tylko Bitcoin :) reszta to tylko dodatki,2025-12-07 04:49:50
gieÅ‚da,Co siÄ™ z Dino dzieje?,2025-12-07 04:49:50
gieÅ‚da,"Zawodzieinwestorze - nie zapomnij daÄ‡ znaÄ‡, kiedy uciekaÄ‡ ğŸ˜‰",2025-12-07 04:49:50
gieÅ‚da,"Witam ponownie ğŸ˜€ Akurat po pracy, wiÄ™c do kolacji idealnie ğŸ¤£ Dobrej nocy ğŸ˜€",2025-12-07 04:49:50
gieÅ‚da,â¤â¤â¤,2025-12-07 04:49:50
gieÅ‚da,"Spadek inflacji  - to tylko spadek tzw. stopy bazowej, tj. bez Å¼ywnoÅ›ci i energii  - teraz jeszcze jesteÅ›my Å›wieÅ¼o pozbiorach, wiÄ™c Å¼ywnoÅ›Ä‡ jest stosunkowo taniÄ…, ale w nowym roku podobnie jak energia ruszy ostro w gÃ³rÄ™  - wiÄ™c co z tego, ze stopa bazowa inflacji bÄ™dzie niska, gdy obywatel poczuje dziurÄ™ w kieszeni  - a wÃ³wczas wybuch niechÄ™ci spoÅ‚ecznej moÅ¼e spowodowaÄ‡ kryzys, ktÃ³ry ekonomiÅ›ci i politycy nie przewidzieli",2025-12-07 04:49:50
gieÅ‚da,komentarz,2025-12-07 04:49:50
gieÅ‚da,"Dlaczego ETF na sWIG i mWIG nie sa dostepne na XTB w opcji ""plany kapitaÅ‚owe""?",2025-12-07 04:49:50
gieÅ‚da,"ZawÃ³d rodziny: Robi materiaÅ‚ o GPW.
NiewdziÄ™czny ja: Where reity?",2025-12-07 04:49:50
gieÅ‚da,"Czy XTB to najlepszy makler do realizowania strategii GEM + polskie spÃ³Å‚ki na IKE? Koszty przewalutowania sÄ… trochÄ™ odpychajÄ…ce do GEM (zakÅ‚adajÄ…c, Å¼e czÄ™sto bÄ™dziemy zmieniaÄ‡ ETF), za to nie ma Å¼adnej prowizji od inwestowania na polskim parkiecie. Z tego co kojarzÄ™ w innych domach sÄ… lepsze oferty na ten moment, ale sÄ… to tylko jakieÅ› promocje na czas okreÅ›lony i zastanawiam siÄ™ czy przerzucanie IKE do innego maklera jest wgl warte zachodu, jak te promocje siÄ™ skoÅ„czÄ…, to znowu moÅ¼e siÄ™ okazaÄ‡, Å¼e XTB ma najlepszÄ… ofertÄ™ i chyba takie przerzucanie IKE non stop nie jest do koÅ„ca optymalne, ale z chÄ™ciÄ… poznam twÃ³j punkt widzenia. Pozdro",2025-12-07 04:49:50
gieÅ‚da,Gratulacje dla Kierownictwa za strzaÅ‚a na Digital Network!,2025-12-07 04:49:50
gieÅ‚da,"Witam 
Nie udalo mi siÄ™ nigdzie wyÅ‚apaÄ‡ informacji o opcjach. KorzystaÅ‚eÅ›? zamierzasz robiÄ‡ materiaÅ‚ na ten temat w przyszÅ‚oÅ›ci?",2025-12-07 04:49:50
gieÅ‚da,"Fajny, lekki materiaÅ‚ poniekÄ…d. Jestem ciekawy propozycji, przemyÅ›leÅ„ co do spÃ³Å‚ek ğŸ™ƒ! Dobrego wieczoru i sÅ‚yszymy siÄ™ niebawem. Mam nadziejÄ™! Pozdrawiam!",2025-12-07 04:49:50
gieÅ‚da,"Chyba myÅ›limy podobnie, bo dosÅ‚ownie dziÅ› dodaÅ‚em podobne przemyÅ›lenia, dotyczÄ…ce maÅ‚ych, ale rÃ³wnieÅ¼ Å›rednich spÃ³Å‚ek ğŸ˜Š Dodam od siebie, Å¼e od doÅ‚ka 2020 wynik swig80TR wyprzedza S&P500TR o 40 punktÃ³w procentowych ğŸ˜… Gratulacje wyniku na Digital Network, piÄ™knie to poszÅ‚o a ja   niestety nie doceniÅ‚em tego potencjaÅ‚u ğŸ˜Š",2025-12-07 04:49:50
gieÅ‚da,"ğŸ‘ºDziÄ™ki za aktualizacjÄ™! Zawsze mÃ³wiÄ™ nowym traderom â€” zrÃ³bcie rozeznanie, zanim siÄ™ w to zaangaÅ¼ujecie. Rynek nagradza przygotowanie. Handel zdecydowanie otworzyÅ‚ przede mnÄ… wiÄ™cej drzwi niÅ¼ tylko czekanie i liczenie na to. Doceniam, Å¼e dbasz o staÅ‚y przepÅ‚yw informacji, Marlin. CieszÄ™ siÄ™, Å¼e zaufaÅ‚em Twojemu programowi! ğŸš€ğŸ“ˆ",2025-12-07 04:49:50
gieÅ‚da,Nie zainwestuje w PL zobacz co sie dzieje na Ukrainie,2025-12-07 04:49:50
gieÅ‚da,Czy bÄ™dzie odcinek GEM/500zÅ‚/REIT?,2025-12-07 04:49:50
gieÅ‚da,MaÅ‚e jest piÄ™kne czyli kingsajz dla kaÅ¼dego!,2025-12-07 04:49:50
gieÅ‚da,Czy da siÄ™ ominÄ…Ä‡ prowizjÄ™ 0.5% na XTB chcÄ…c zakupiÄ‡ SP500?,2025-12-07 04:49:50
gieÅ‚da,"PamiÄ™tam jak kiedyÅ› mÃ³wiÅ‚eÅ› Å¼e nie ma co siÄ™ baÄ‡ euforii na gpw dopÃ³ki na kanale zero stanowski nie zacznie gadaÄ‡ o inwestowaniu. Niedawno zaczÄ…Å‚, wiÄ™c powinniÅ›my wszyscy zachowaÄ‡ wzmoÅ¼onÄ… czujnoÅ›Ä‡.",2025-12-07 04:49:50
w co inwestowaÄ‡,a czy ktoÅ› odkopaÅ‚ wizje pana Buczka na 2025? trafiÅ‚ coÅ›?,2025-12-07 04:49:50
w co inwestowaÄ‡,"Haha hossa, roÅ›nie 20 spÃ³Å‚ek 400 spada :D Gdzie nie spojrzÄ™ wiÄ™kszoÅ›Ä‡ spÃ³Å‚ek prawie all time low lub niewiele wyÅ¼ej do ""gÃ³rki"" od kilkuset do kilkutysiÄ™cy procent a gaming to juÅ¼ padaka, spada non stop od 5 lat, wzglÄ™dem Å›wiata to spÃ³Å‚ki sÄ… tak tanie, Å¼e droÅ¼sze sÄ… startupy gdziekolwiek na Å›wiecie.",2025-12-07 04:49:50
w co inwestowaÄ‡,"Wielka hossa w obliczu wojny z RosjÄ…, Buczek to zawsze miaÅ‚ fantazjÄ™.",2025-12-07 04:49:50
w co inwestowaÄ‡,"A zÅ‚oto ma jakas wartosc? Poza estetycznÄ… i faktem, Å¼e jest jego ograniczona ilosc jak  btc.",2025-12-07 04:49:50
w co inwestowaÄ‡,Na polskiej gieÅ‚dzie bÄ™dzie hossa po zmianie rzÄ…du,2025-12-07 04:49:50
w co inwestowaÄ‡,"Dla polskiego rynku akcji liczÄ… siÄ™ w tej chwili gÅ‚Ã³wnie dwie sprawy. Pierwsza to ryzyko wojenne (wtedy wszystko spadnie o 80 procent), a drugie to stan indeksÃ³w w USA. JeÅ›li one spadnÄ…, my spadniemy o wiele mocniej (choÄ‡ nie mamy nic wspÃ³lnego z AI, ale to bez znaczenia). PodsumowujÄ…c: zarobiÄ‡ na polskich akcjach moÅ¼na jak wszÄ™dzie, ale w innych miejscach nie ma ryzyka geopolitycznego. Czyli rozsÄ…dni inwestorzy lokujÄ… kapitaÅ‚ gdzie indziej.",2025-12-07 04:49:50
w co inwestowaÄ‡,Gpw to przypadkowe inwestowanie. Wielkie ryzyko a zysk to lut szczeÅ›cia,2025-12-07 04:49:50
w co inwestowaÄ‡,DzÃ¬Ä™kujÄ™ za materiaÅ‚ğŸ«¡,2025-12-07 04:49:50
w co inwestowaÄ‡,"Ile razy byÅ‚y juÅ¼ nagÅ‚Ã³wki o ""pÄ™kniÄ™ciu baÅ„ki Bitcoina"" ğŸ˜‚",2025-12-07 04:49:50
w co inwestowaÄ‡,"Amfa i coca zalicza duÅ¼y spadek , lekki wzrost mefedron i pochodne i oczywiÅ›cie hera piÄ™kny powrÃ³t na szczyt w mistrzowskim stylu !!! Pozdrawiam Escobar !!!",2025-12-07 04:49:50
w co inwestowaÄ‡,I takie materiaÅ‚y lubiÄ™!,2025-12-07 04:49:50
elektrownia wodna,CHWALA  UKRAINIE â¤BRAWO â¤ PILOCIEâ¤ğŸ‡ºğŸ‡¦ğŸ‡ºğŸ‡¦ğŸ‡ºğŸ‡¦ğŸ‡ºğŸ‡¦ğŸ‡ºğŸ‡¦ğŸ‡ºğŸ‡¦ğŸ‡ºğŸ‡¦ğŸ‡ºğŸ‡¦ğŸ‡ºğŸ‡¦ğŸ‡ºğŸ‡¦ğŸ‡ºğŸ‡¦ğŸ‡ºğŸ‡¦ğŸ‡ºğŸ‡¦ğŸ‡ºğŸ‡¦ğŸ‡ºğŸ‡¦ğŸ‡ºğŸ‡¦ğŸ‡ºğŸ‡¦ğŸ‡ºğŸ‡¦ğŸ‡ºğŸ‡¦ğŸ‡ºğŸ‡¦â¤,2025-12-07 04:49:51
elektrownia wodna,Co to za baiki,2025-12-07 04:49:51
elektrownia wodna,"Ukraina podczas wojny nie zniszczyÅ‚a Å¼adnej hydroelektowni. Film powstaÅ‚ na fake newsie, ewentualnei wymysÅ‚ twÃ³rcy kanaÅ‚u. Szkoda, Å¼e nigdzie nie jest to zaznaczone",2025-12-07 04:49:51
elektrownia wodna,"Tak dziaÅ‚a Putin i jego ludzie.
Czy to sÅ‚uÅ¼y Polsce i Polakom i Eorope.
To tylko moja subiektywna ocena.",2025-12-07 04:49:51
elektrownia wodna,"To jest FEJK FEJK ,tak zostaje rozwalona tama Ukrainska ,Ten film ma poprawiÄ‡ Morale w wojsku Ukrainskim Masowe Dezercje w wojsku Ukrainskim",2025-12-07 04:49:51
elektrownia wodna,to samo czeka amerykanow.,2025-12-07 04:49:51
elektrownia wodna,brawo jak czegoÅ› nie moÅ¼na spaliÄ‡ to moÅ¼e utopiÄ‡,2025-12-07 04:49:51
elektrownia wodna,"kacap, ukr to nasi wrogowie.",2025-12-07 04:49:51
elektrownia wodna,"Super, oby tak dalej ! robicie Å›wietnÄ… robotÄ™, podziw i szacunek !",2025-12-07 04:49:51
elektrownia wodna,Zbyt wielka dokÅ‚adnoÅ›Ä‡ opowiadania zniechÄ™ca do dalszego sÅ‚uchania.,2025-12-07 04:49:51
elektrownia wodna,Jaka elektrownia ? Gdzie ?,2025-12-07 04:49:51
elektrownia wodna,Z poÅ‚Ä…czenia smartfona z toasterem margines bÅ‚Ä™du wynosi zero! MoÅ‚odcy!,2025-12-07 04:49:51
elektrownia wodna,chwaÅ‚a ukrainie,2025-12-07 04:49:51
elektrownia wodna,Pic na wodÄ™,2025-12-07 04:49:51
elektrownia wodna,Dobre,2025-12-07 04:49:51
elektrownia wodna,Brawo Ukraina,2025-12-07 04:49:51
fotowoltaika,"Np. ja zuÅ¼ywam 450kw na 2mieÅ› =z 460zÅ‚ x6mieÅ›=2,760 na rok ...  Dla mnie instalacja 10kw -koszt  ok.50tyÅ› bez dotacji ,to jest dopiero po 16latach ona po odjÄ™ciu kosztÃ³w zacznie za darmo produkowaÄ‡ dla mnie prÄ…d,gdzie juÅ¼ bÄ™dÄ… panele zuÅ¼yte ponad poÅ‚owÄ™ ,wiÄ™c nie opÅ‚aca siÄ™,,,,   Drugi przykÅ‚ad rachunek  460zeta dzielimy na 3osoby i wychodzi jak Pana ,a nawet taniej bo na 2mieÅ› w Eneii...",2025-12-07 04:49:52
fotowoltaika,NastÄ™pny nawiedzony ktÃ³ry tÅ‚umaczy ze   odkryÅ‚ w Polsce  zimÄ™.,2025-12-07 04:49:52
fotowoltaika,G....warteğŸ˜…,2025-12-07 04:49:52
fotowoltaika,CoÅ› maÅ‚o filmÃ³w ostatnio u Was,2025-12-07 04:49:52
fotowoltaika,Pozdrawiam,2025-12-07 04:49:52
fotowoltaika,U mnie sÄ… miesiÄ…ce w ktÃ³rych produkcje mam mniejszÄ… niÅ¼ w niejeden dzieÅ„ latem... SÅ‚oÅ„ca jak na lekarstwo w tym roku.,2025-12-07 04:49:52
fotowoltaika,Witajcie w ZamoÅ›ciu mam instalacjÄ™ 8.96 kwp i produkcja na dzieÅ„ dzisiejszy 29.2 kwh a za caÅ‚y listopad byÅ‚o 323.3 kwh,2025-12-07 04:49:52
fotowoltaika,Ja do dziÅ› jadÄ™ z magazynu 30kwh a na dachu 12kwp.  co drugi dzieÅ„ zawsÃ·â‚¬ coÅ› wpadnie i siÄ™ krÄ™ci ğŸ˜…!,2025-12-07 04:49:52
fotowoltaika,"A czy sÄ… moÅ¼e sterowniki, ktÃ³re ustawiÄ… priorytety dystrybucji energii? Czyli pierwszeÅ„stwo ma zuÅ¼ycie prÄ…du na bieÅ¼Ä…co, pÃ³Åºniej naÅ‚adowanie banku. Po naÅ‚adowaniu banku grzaÅ‚ka elektryczna w zbiorniku wody, Å¼eby gaz/ pompa siÄ™ nie zaÅ‚Ä…czala w wakacje i dopiero na koniec Å¼eby nadwyÅ¼ka szÅ‚a do sieci. KtoÅ› wie o takim rozwiazaniu?",2025-12-07 04:49:52
fotowoltaika,"Taki urok Polski. Jak w listopadzie siÄ™ zachmurzy to moze w kwietniu puÅ›ci. Å»ona kupiÅ‚a lampki solarne do ogrodu to musiaÅ‚a czekaÄ‡ 5 dni Å¼eby siÄ™ podÅ‚adowaÅ‚y na godzinÄ™ Å›wiecenia. JuÅ¼ miaÅ‚a odsyÅ‚aÄ‡ a 6go dnia wyszÅ‚o sÅ‚oÅ„ce na chwilÄ™ i lampki podÅ‚adowaÅ‚y siÄ™ na 7 godzin Å›wiecenia.
Ps A nie mamy zimy tylko jeszcze jesieÅ„ ;)ğŸ˜…

Macie bardzo duÅ¼e zuÅ¼ycie energii jak na dom bez pompy ciepÅ‚a.
No i nie oddajecie energii do Å¼adnego magazynu. Sprzedajecie jÄ… za marne grosze i pÃ³Åºniej to pieniÄ…dze sÄ… rozliczane przy kolejnych rachunkach.",2025-12-07 04:49:52
fotowoltaika,"Na ÅšlÄ…sku do 6 grudnia mam produkcjÄ™ okoÅ‚o 30 kWh, instalacja na gruncie 9,6 kWh.",2025-12-07 04:49:52
fotowoltaika,Za maÅ‚y magazyn ğŸ˜,2025-12-07 04:49:52
fotowoltaika,Niestety taki deye ma dosyÄ‡ duÅ¼e zuÅ¼ycie na wÅ‚asne potrzeby - w zimie sam przeÅ¼re wiÄ™kszoÅ›Ä‡ produkcji a moÅ¼e i bÄ™dzie musiaÅ‚ z sieci dobieraÄ‡â€¦ do tego 10kWh magazynu to niestety tak z 3x za maÅ‚o. W lecie bÄ™dzie w moment peÅ‚ny a zimÄ… przez wiÄ™kszoÅ›Ä‡ czasu pustyâ€¦ polecam w pierwszej kolejnoÅ›ci zwiÄ™kszyÄ‡ magazyn. Co do falownika to mniejsze zuÅ¼ycie majÄ… niestety znaczÄ…co droÅ¼sze falowniki np Victronâ€¦ wiÄ™c tu pewnie zostanie jak jest.,2025-12-07 04:49:52
fotowoltaika,Co wy bÄ™dziecie robiÄ‡ z tymi zaoszczÄ™dzonych pieniÄ™dzmi? Co miesiÄ…c nowe auto?ğŸ˜‚,2025-12-07 04:49:52
fotowoltaika,Dbajcie o magazyn energii lÄ…dujÄ…c go w takiej taryfie g12 lub g12w,2025-12-07 04:49:52
fotowoltaika,WszÄ™dzie z pradem jest tak samo. grudzieÅ„ do dupy. Jest jeszcze jeden sposÃ³b aby troszkÄ™ obniÅ¼yÄ‡ rachunki ale to tylko przy duÅ¼ym zuÅ¼yciu . MoÅ¼na magazyn doÅ‚adowywac w teÅ„szej taryfie. A juÅ¼ bajÄ… by byÅ‚o mieÄ‡ taryfÄ™ g13 ale my w Å›rodkowej polsce moÅ¼emy o tym pomaÅ¼yÄ‡,2025-12-07 04:49:52
fotowoltaika,"Jak na poczÄ…tek nie wyglÄ…da Åºle ğŸ˜ 
a w przyszÅ‚ym roku bÄ™dzie jeszcze lepiej
Pozdrawiam serdecznie â¤ï¸ğŸ«¶â¤ï¸",2025-12-07 04:49:52
fotowoltaika,Å¼ycie tak to wyglada mam sam od 7lat bank z 18650 lion i to samo  jak slonko to Å‚aduje jak niema to wszystko stoi w miejscu oczywiscie offgrid,2025-12-07 04:49:52
fotowoltaika,"Fajnie was widzieÄ‡, ale poproszÄ™ coÅ› z ogrÃ³dka.  Wiem, Å¼e teraz to maÅ‚o roÅ›nie ale i tak macie tam tak piÄ™knie ğŸ˜Š",2025-12-07 04:49:52
fotowoltaika,"instalacja 10kwp pv i magazyn 15kwh (optymalnie byloby miec 30) centralna polska. 5 osobowa rodzina. produkcja 329kwh, zuzycie 546kwh, pobranie z sieci 280kwh 95% w taniej taryfie g12, wyslano do sieci 40kwh. ogrzewanie gazem reszta na prad, czesc energii ze slonca poszlo na grzanie cwu grzalka oraz grzejniki lazienkowe. do zarzadzania energia uzywam home assistant i steruje poziomem naladowania magazynu od naszego zapotrzebowanie (~15kwh dziennie) i prognozy produkcji z serwisu solcast.",2025-12-07 04:49:52
fotowoltaika,"Panie Majster. Å‚adnie opowiedziane, Å‚adnie pokazane. PrzydaÅ‚by sie  jeszcze bilans.
Finanse. Inwestycja - kwota.  Rachunki za prÄ…d z elektrowni. Zysk na czysto.",2025-12-07 04:49:52
fotowoltaika,"Hej, u nas panele petarda. Mam 11,4 kWp i 20,72 kWh magazyn. ZaÅ‚oÅ¼one na koniec marca. W depozycie w Enerdze mam prawie 500zÅ‚ jeszczeğŸ˜Š teraz rachunek 116zÅ‚, a tak same koszty staÅ‚e z jakimiÅ› maÅ‚ymi kWh pobranymi z siecie to okoÅ‚o 75zÅ‚/miesiac. TakÅ¼e nadal siÄ™ opÅ‚aca:) ciekaw jestem z tÄ… EnigÄ…. Daj znaÄ‡ proszÄ™ jaki model masz tej lampy?:)",2025-12-07 04:49:52
fotowoltaika,"Lepiej mieÄ‡ poÅ‚owÄ™ tych paneli, czyli 5 kWp a magazyn 20-30 kWh. JeÅ›li ktoÅ› dysponuje ograniczonÄ… gotÃ³wkÄ… i musi wybieraÄ‡. Magazyn 10 kWh to kruszynka. 2kWh odpada bo nigdy nie moÅ¼na go rozÅ‚adowaÄ‡ do koÅ„ca, wiÄ™c realnie pozostaje 8 kWh. Ja dopiero odÅ¼yÅ‚em z magazynem 32 kWh. Na wiosnÄ™ i na jesieni jest duÅ¼o sÅ‚oÅ„ca. Od 1 marca juÅ¼ mogÄ™ dogrzewaÄ‡ sie klimatyzatorem z funkcjÄ… grzania. Temperatury sÄ… czÄ™sto dodatnie, wiÄ™c klimatyzator Å›cienny ma wysokie C.O.P. siÄ™gajÄ…ce 3x. Czyli z 1 kWh energii elektrycznej produkuje 3 kW energii cieplnej. NajwiÄ™cej musi chodziÄ‡ nocÄ…, wiÄ™c ciÄ…gnie energiÄ™ tylko z magazynu. Moja instalacja 6 kWp wyprodukowaÅ‚a mi w marcu 550 kWh a w kwietniu prawie 800 kWh. No maj wÅ‚adomo teÅ¼ byÅ‚ dobry. A to sÄ… trzy miesiÄ…ce, gdzie moÅ¼na sprÃ³bowaÄ‡ wyÅ‚Ä…czyÄ‡ gaz i dogrzewaÄ‡ siÄ™ klimatyzatorem. Podobnie sprawa wyglÄ…da na jesieni. Z miesiÄ…cami wrzesieÅ„, paÅºdziernik i trochÄ™ listopada. NajchÄ™tniej rozszerzyÅ‚bym magazyn do 50 kWh. A Ty z tych swoich 10 kWp paneli w lato duÅ¼o wysyÅ‚asz do sieci bo nie jesteÅ› w stanie tego zuÅ¼yÄ‡ i robisz dobrze paÅ„stwu, bo sprzedajesz za 20 groszy paÅ„stwu a paÅ„stwo to odsprzedaje za grube siano ludziom. ByÅ‚o pokazaÄ‡ na wykresach jeszcze poprzedniejsze miesiÄ…ce, ile wysÅ‚aÅ‚eÅ› paÅ„stwu za psi grosz.",2025-12-07 04:49:52
fotowoltaika,"Sytuacje elektroenergetycznÄ… poprawi - w pierwszym kroku zwiÄ™kszenie pojemnoÅ›ci magazynu (niestety to co trafia do sieci daje znikomy przychÃ³d), a po drugie (choÄ‡ nie Å‚atwe) przebudowa konstrukcji wsporczej paneli pozwalajÄ…ca zmieniaÄ‡ kÄ…t ekspozycji (poÅ‚oÅ¼enie letnie, wiosenno-jesienne, zimowe). Przy Waszej pomysÅ‚owoÅ›ci dacie radÄ™!",2025-12-07 04:49:52
fotowoltaika,"MÃ³wisz piszcie w komentarzach. Ja powiem krÃ³tko. Fotowoltaika tak, ale tylko off grid. Nic do elektrowni i nic z minusem w zamian.",2025-12-07 04:49:52
fotowoltaika,Som! Som! Som! Ale gdzie Teodor?,2025-12-07 04:49:52
fotowoltaika,A co gdy braknie prÄ…du,2025-12-07 04:49:52
fotowoltaika,Najgorsze przed Wami grudzieÅ„ -luty ğŸ˜…,2025-12-07 04:49:52
fotowoltaika,"zmienisz zuÅ¼ycie co
jak problem zima",2025-12-07 04:49:52
fotowoltaika,"Racja, najlepiej spinaÄ‡ umowy tak aby start byÅ‚ najpÃ³Åºniej od kwietnia. 
Ciekawi mnie cena brutto  energii dobranej od operatora ( energia czynna + dystrybucja). 
Ten Wasz magazyn moÅ¼na poÅ‚Ä…czyÄ‡ z kolejnym? MyÅ›licie o doÅ‚oÅ¼eniu drugiej dyszki? 
Po zwrocie inwestycji zawsze bÄ™dzie zysk. Oby wydarzyÅ‚o siÄ™ to jak najszybciej i bez Å¼adnych wpadek ( kosztÃ³w) do koÅ„ca Å¼ywota instalacji.",2025-12-07 04:49:52
fotowoltaika,Witam EkipÄ™ MajstrÃ³w ğŸ¤—,2025-12-07 04:49:52
fotowoltaika,CzoÅ‚em Ludu PracyğŸ˜ gdzieÅ›cie byli jak Was nie byÅ‚o na YT? ğŸ¤£ğŸ¤£ğŸ¤£,2025-12-07 04:49:52
fotowoltaika,"U mnie instalacja 6,4KWp na dachu domu wschÃ³d 6 paneli x 400Wat i na poÅ‚udniu 10 paneli x 400 Wat. Roczna produkcja nieco ponad 6 MWh i od tego minus 20% potrÄ…cenia na rzecz zakÅ‚adu energetycznego pokrywa jakieÅ› 8 miesiÄ™cy mojego zapotrzebowanie. Dodam Å¼e prowadzÄ™ gospodarstwo rolne i wiÄ™kszoÅ›Ä‡ energii idzie na jego potrzeby. Przez resztÄ™ roku muszÄ™ kupowaÄ‡ energiÄ™. Mimo to jestem zadowolony. Uzysk pewnie byÅ‚by lepszy gdyby wszystkie panele byÅ‚y ustawione w kierunku na poÅ‚udnie ale niestety nie byÅ‚o takiej moÅ¼liwoÅ›ci lub na gruncie ale to teÅ¼ nie wchodziÅ‚o w grÄ™. W tym samym roku w ktÃ³rym montowano u mnie instalacjÄ™ zmieniaÅ‚em dach na stodole. TrochÄ™ te dwie rzeczy siÄ™ rozminely w czasie bo gdybym miaÅ‚ wczeÅ›niej zrobiony ten dach to tam byÅ‚ zaÅ‚oÅ¼yÅ‚ instalacje i 10KWp. PoÅ‚oÅ¼enie budynku jest idealnie na poÅ‚udnie bez Å¼adnych zacienieÅ„ i kÄ…t dachu teÅ¼ jest bliÅ¼szy 45' niÅ¼ na domu. Sama powierzchnia teÅ¼ jest olbrzymia bo to ponad 150m2 na jednej tylko poÅ‚udniowej stronie. Jedyny minus to taki Å¼e daleko byÅ‚oby do licznika no jakieÅ› 50m. No ale jest jak jest, nie moÅ¼na mieÄ‡ wszystkiego.
P. S.
Polecam kanaÅ‚ Kocisko75 bo tam raz na rok jest bardzo rzetelny film z podsumowania pracy instalacji fotowoltaicznej na nowych zasadach.",2025-12-07 04:49:52
fotowoltaika,Hm myÅ›leliÅ›cie o rozbudowie banku do 30kwh? AnalizujÄ…c na szybko statystyki to wyszÅ‚o by to na spory plus,2025-12-07 04:49:52
fotowoltaika,"YouTube powiedziaÅ‚ mi co najczÄ™Å›ciej oglÄ…daÅ‚em 
Uwierzycie Å¼e jesteÅ›cie na 2 miejscu w skali oglÄ…dalnoÅ›ci rÃ³Å¼nych filmÃ³w 
PodpowiedziaÅ‚ mi Å¼e jesteÅ›cie kanaÅ‚em o tematyce rozrywkowej, budowlanej i jako przyrodniczy kanaÅ‚ 
Pozdrawiam",2025-12-07 04:49:52
fotowoltaika,"4 razy przewymiarowana to minimum, i magazyn co najmniej setka.",2025-12-07 04:49:52
fotowoltaika,CoÅ› Wam maÅ‚o produkuje ta instalacja. Macie zacienienie od Tui albo sÄ…siada? Na przykÅ‚ad moja tylko wiÄ™ksza 14kwp w tym miesiÄ…cu juÅ¼ 137kwh a w zeszÅ‚ym 616kwh. Skontaktujcie siÄ™ z instalatorem bo coÅ› dziwne tÄ™ produkcjÄ™ no chyba Å¼e faktycznie nie byÅ‚o pogody. Ja mieszkam na poÅ‚udniu 5 h jazdy samochodem od WasğŸ˜€. Tak naprawdÄ™ depozyt dopiero zrobicie w przyszÅ‚ym roku i nastÄ™pna zima bÄ™dzie super tanioğŸ‘ğŸ‘Š,2025-12-07 04:49:52
fotowoltaika,"CzekaÅ‚em czekaÅ‚em i siÄ™ doczekaÅ‚em ğŸ˜Š, jeszcze  poproszÄ™    nastÄ™pny czÄ™Å›Ä‡  o kominku przy wiÄ™kszych  mrozach .",2025-12-07 04:49:52
fotowoltaika,"U mnie od poczÄ…tku grudnia do dziÅ› instalacja 6 kWp wyprodukowaÅ‚a 48,7 kwh, wiÄ™c u Ciebie mega sÅ‚abo.",2025-12-07 04:49:52
fotowoltaika,a jakÄ… prognozowanÄ… produkcjÄ™ pokazywaÅ‚ projekt instalacji? u mnie z 15kWp powinno wyjÅ›Ä‡ w listopadzie ok. 450kWh i mniej wiÄ™cej siÄ™ pokryÅ‚o. czekam na aktywacjÄ™ Pstryka w styczniu i zobaczymy jak te 21kWh magazynu bÄ™dzie sobie radziÅ‚o z kupowaniem tanio i sprzedawaniem ewentualnej nadwyÅ¼ki drogo. u mnie pompa ciepÅ‚a w niezbyt energooszczÄ™dnym domu wiÄ™c system bÄ™dzie miaÅ‚ co robiÄ‡ byÄ‡ moÅ¼e nawet dwa peÅ‚ne cykle Å‚adowania i rozÅ‚adowania dziennie... ğŸ˜€,2025-12-07 04:49:52
fotowoltaika,Czesc Jaki model falownika i banku ?,2025-12-07 04:49:52
fotowoltaika,PrÄ…d bÄ™dzie tylko taÅ„szy. Super sprawa z tym magazynem. Åadnie to wyglÄ…da,2025-12-07 04:49:52
fotowoltaika,Dajcie link do tej lampy,2025-12-07 04:49:52
fotowoltaika,Jestescie pewni ze wasz power bank ma 10 kw?,2025-12-07 04:49:52
fotowoltaika,"co za bzdury .. jakie pobieranie ? sprzedajecie te energie za okoÅ‚o 10 groszy a kupujecie za 1,37 zÅ‚ , opierdalajÄ… was na kase a wy myslicie ze oszczedzacie , frajerstwo .",2025-12-07 04:49:52
fotowoltaika,"Majstery jak uzbieracie nadwyÅ¼kÄ™ w sezonie to kolejny rok zapomnicie o kwestiach rachunkÃ³wğŸ˜Š
Ja mam PV na starych zasadach i uwaÅ¼am Å¼e to byÅ‚a Super inwestycja.
Za rok zresztÄ… sami zobaczycie ğŸ™‚",2025-12-07 04:49:52
fotowoltaika,To gdzie logika. Ja na 2 miesiÄ…ce paÅ‚ce 220 zÅ‚ za prÄ…d. Bez paneli ğŸ¤£ğŸ¤£,2025-12-07 04:49:52
fotowoltaika,650 kwh w listopadzie 30 kwh w grudniu do 06. z 30kwp,2025-12-07 04:49:52
fotowoltaika,"Z PV tak jest, ze albo miec albo byc. Albo masz caÅ‚kiem duÅ¼o paneli, ale ustawiasz typowo na roczna produkcje albo robisz 4 kWp ale na trackerze. Kosztuje podo nie ale zimÄ… daje lekko 2 razy wiecej. Czy teraz wasza  instalacha ma pelny widok sÅ‚oÅ„ca? Bo na gruncie zimÄ… jest duzo gorzej niÅ¼ latem chyba, Å¼e goÅ‚e pole z przodu.",2025-12-07 04:49:52
fotowoltaika,"U mnie sytuacja z panelami jest taka, Å¼e... czekajÄ… na budowÄ™ domu ğŸ™‚ Pozdroooo !!!",2025-12-07 04:49:52
fotowoltaika,CzeÅ›Ä‡ wam Å›wietny odcinek miÅ‚o siÄ™ oglÄ…daÅ‚o bardzo miÅ‚o was sÅ‚yszeÄ‡ stÄ™skniÅ‚em siÄ™ za wami bÄ™dzie dobrze to dopiero pierwszy rok nastÄ™pne bÄ™dÄ… lepsze gÅ‚owa do gÃ³ry bÄ™dzie lepiej bardzo ciepÅ‚o was pozdrowiam i Teodora miÅ‚ego weekendu wam Å¼yczÄ™ bÄ™dzie lepiej zobaczycie,2025-12-07 04:49:52
fotowoltaika,"U nas jeszcze gorzej... 15kWp i w grudniu tylko 10kWh. Na Podlasiu bardzo pochmurnie... Ale za to w listopadzie 453kWh uzysku. Co do magazynu to pomysl nad taryfÄ… G12, wtedy ustawiasz ladowanie magazynu w godzinach nocnych, a korzystasz w dzieÅ„. RÃ³Å¼nica w cenie samego prÄ…du w tej chwili pomijalna, jednak juz oplaty to ponad 30gr na kWh.",2025-12-07 04:49:52
fotowoltaika,Super ze zalozyliscie panele macie teraz mniejsze koszty za prad tym bardziej ze macie magazyn energii  po co przeplacacğŸ˜‚ğŸ˜‚ğŸ˜‚,2025-12-07 04:49:52
fotowoltaika,Jaki to dokÅ‚adnie model lampy? WÅ‚aÅ›nie szukam coÅ› podobnego :),2025-12-07 04:49:52
fotowoltaika,"Jeszcze bÄ™dzie piÄ™knie, jeszcze bÄ™dzie normalnieğŸ˜ğŸ˜ğŸ˜",2025-12-07 04:49:52
fotowoltaika,"Pozdro z UK Birmingham, 
3 tygodnie temu zaÅ‚oÅ¼yliÅ›my sobie instalacje wschÃ³d zachÃ³d niecaÅ‚e 6kWp.
WÅ‚aÅ›nie boleÅ›nie siÄ™ przekonaliÅ›my jaka jest produkcja sezonie zimowym ğŸ¤£
KupiliÅ›my instalacje bez baterii i za dwa dni naprawiamy ten bÅ‚Ä…d. Na tÄ… chwile tylko 5kW ale do lata , jak juÅ¼ sie trochÄ™ finansowo odkuje, planuje doÅ‚oÅ¼yÄ‡ drugÄ… piÄ…tkÄ™.
Pozdro.
Ps, teÅ¼ siedzisz i analizujesz wykresy w aplikacji ğŸ˜ ?",2025-12-07 04:49:52
fotowoltaika,Zimy nie przeskoczysz - 3 miesiÄ…ce sÄ… z dupy ale za rok bÄ™dzie lepiej bo nabierasz depozyt i starczy. PomyÅ›l o jeszcze jednym magazynie ğŸ˜‚,2025-12-07 04:49:52
fotowoltaika,"Ja mam fotowoltaike na starych zasadach, grzeje pradem i rachunkinroczne 270zl ğŸ˜Š",2025-12-07 04:49:52
fotowoltaika,15% to maÅ‚o i jest to niebezpieczne dla magazynu bo bez regularnego Å‚adowania do peÅ‚na moÅ¼e siÄ™ uszkodziÄ‡. Na zimÄ™ warto ustawiÄ‡ na 60% Å¼eby mieÄ‡ ups-a na wypadek wyÅ‚Ä…czeÅ„ prÄ…du. PomyÅ›l o taryfie g12w,2025-12-07 04:49:52
fotowoltaika,ğŸ–ğŸ‘ŒâœŒğŸ‘,2025-12-07 04:49:52
fotowoltaika,"Hej MiÅ›ki. ğŸ˜Š
DÅ‚ugo Was nie byÅ‚o, ale dobrze, Å¼e jesteÅ›cie ponownie. Ja nie mam paneli fotowoltaicznych, bo nie mamy gdzie ustawiÄ‡ na gruncie, a na dachu nie chcemy, bo siÄ™ boimy poÅ¼aru. 
Zapytam jeszcze, czy nie obawiacie siÄ™ mieÄ‡ falownika i banku energii w domu? Tam jest jednak cholernie duÅ¼o Å‚adunku elektrycznego zmagazynowanego I nie daj BoÅ¼e jakiejÅ› awarii. ğŸ˜®
Chyba bym wybudowaÅ‚ murowany zewnÄ™trzny obiekt na te urzÄ…dzenia. Taki niewiele wiÄ™kszy niÅ¼ wÄ™dzarnia jakÄ… robiliÅ›cie.",2025-12-07 04:49:52
fotowoltaika,"Ja mam instalacjÄ™ tylko  4.08 kwp i magazyn 7,5 kwh, z zachowaniem 30% na wypadek braku pradu. 

Pv na poÅ‚udnie, na dachu.  ZuÅ¼ylismy w listopadzie 276 kwh (2+1 nastolatek, wszystko na prad w tym  reku, indukcja pranie/suszenie od czasu do czasu, kompy, ale  ogrzewanie gaz).
PV i magazyn daÅ‚ circa 159 kwh a ok 149 kwh braliÅ›my  sieci, co ciekawe  ponad 49 kwh oddalismy do sieci, bo magazyn byÅ‚  pelny a akurat nie  uzywalismy  tyle na bieÅ¼Ä…co.

Jedynie ja mieszkam w NRW w Niemczech  i tu mielismy dosc sÅ‚oneczny poczatek  roku, nadwyÅ¼ka  byÅ‚a energii juÅ¼  od lutego, listopad tez nie byÅ‚  zÅ‚y w porÃ³wnaniu do 2024.",2025-12-07 04:49:52
fotowoltaika,DziÄ™ki za podzielenie siÄ™ z nami waszymi kosztami. Ciekaw jestem jak to bÄ™dzie w przyszÅ‚ych miesiÄ…cach. Pozdrawiam ğŸ‘,2025-12-07 04:49:52
fotowoltaika,Pozdrowionka ğŸ‘ğŸ‘ğŸ‘ğŸ¥° czekaÅ‚ czekaÅ‚ i doczekalğŸ˜Š,2025-12-07 04:49:52
awaria prÄ…du,"Dobrze jest teÅ¼ mieÄ‡ zapasowe Å›wieczki, nawilÅ¼ane chusteczki i nawilÅ¼any papier toaletowy, pÅ‚yny do dezynfekcji, Å¼ele antybakteryjne, analogowy termometr i barometr,  zegarek  z mechanizmem kwarcowym gdzie bateria powinna wystarczyÄ‡ na 2-5 lat, rÄ™czny mÅ‚ynek do kawy, agregat prÄ…dotwÃ³rczy.",2025-12-07 04:49:52
awaria prÄ…du,ğŸ•¯teÅ¼ dobÅ¼e miec,2025-12-07 04:49:52
awaria prÄ…du,"NaleÅ¼y dodaÄ‡ Å¼e sÄ… rÃ³Å¼ne nadajniki, wymagane sÄ… uprawnienia dla tych z wiÄ™kszÄ… mocÄ…. Kuchenki gazowe teÅ¼ czÄ™sto maja elektronikÄ™, poza tym gaz teÅ¼ przestanie pÅ‚ynÄ…Ä‡ trakcie dÅ‚ugiego zaniku.",2025-12-07 04:49:52
awaria prÄ…du,Wszystko mam. Nawet piec koza....,2025-12-07 04:49:52
awaria prÄ…du,Awaria jest w rzÄ…dzie. Po za tym macie spoko sprzÄ™ty! Pozdroâ¤,2025-12-07 04:49:52
cpk,Å»eby siÄ™ rozwaliÅ‚ !  Gdzie polscy producenci ?!!!  Po co nam niemiecki  szrot ?!,2025-12-07 04:49:53
cpk,Witam wszystkich. Wydaje mi siÄ™ Å¼e w Polsce nie sÄ… potrzebne takie szybkoÅ›ci. WystarczyÅ‚o by tak 200 do 250km/h. Jak oglÄ…dam odcinki na YouTube z przejazdÃ³w skÅ‚adÃ³w w Polsce to najwiÄ™kszy problem to jest ze Å›redniÄ… prÄ™dkoÅ›ciÄ… szelakowÄ…. Co z tego Å¼e pociÄ…g zasuwa np 160km/h jak za chwilÄ™ jedzie 60. Pozdrawiam serdecznie.,2025-12-07 04:49:53
cpk,"KupiliÅ›my stare wiatraczki tej firmy, to stare pociÄ…gi tyÅ¼. Z zaokrÄ…gleniem ceny do gÃ³ry, oczywiÅ›cie. W ramach zwyÅ¼ki dla sprawdzonego klienta.",2025-12-07 04:49:53
cpk,Nie chce mi sie wierzyÄ‡ Å¼e nasi nie sÄ… w stanie wyprodukowaÄ‡ szybkiego emu.  Te ice fakt sÄ… wygodne i ciche no ale ile moÅ¼na od tych nimcÃ³w braÄ‡. Pesa newag do roboty!,2025-12-07 04:49:53
cpk,Mocny bo Niemiecki.Fur Deutschland.,2025-12-07 04:49:53
linia kolejowa,"A soros zaciera rÄ™ce i cieszy siÄ™ Å¼e ma tak pomocnych  judaszy, zÅ‚odziei i frajerÃ³w.",2025-12-07 04:49:53
linia kolejowa,"Nie ma siÄ™ co martwiÄ‡. Wszak volksdojcz tfuSSk otworzyÅ‚ linie autobusowe z KrÃ³lewca,  wszystko po to by wspieraÄ‡ zbrodniarza putlera . Tak wyglÄ…da stosowanie sankcji wobec kacapiolandii przez volksdojcza tfuSSka",2025-12-07 04:49:53
linia kolejowa,Idz ty na ch AI,2025-12-07 04:49:53
linia kolejowa,Å»enada. Co zrobili z KolejÄ… Warszawsko-PetersburskÄ…? A potem budujÄ… jakÄ…Å› Rail Baltica.,2025-12-07 04:49:53
linia kolejowa,"Posiadanie wladzy (jakiejkolwiek) rzadzi swiatem. O nia to- ludzie sie bija; walcza i gina 
Okazuje sie, ze historia nas niczego nie nauczyla. Wielka porazka ludzkosci.",2025-12-07 04:49:53
linia kolejowa,Oj ... ktoÅ› bardzo chce wywoÅ‚aÄ‡ wielkÄ… wojnÄ™. Tylko po co?,2025-12-07 04:49:53
linia kolejowa,Lektor  AI  tragedia - film spokoğŸ™‚ğŸŒğŸ‘,2025-12-07 04:49:53
linia kolejowa,"Polska niema RzÄ…du i jest Vasallen Zbrodniarzy Wojnych USA,Interes Polski nie wazny,ZadÅ‚uzenie Kraju Olbrzmie,a RzÄ…d wykonuje Rozkazy Judasza z USA.",2025-12-07 04:49:53
linia kolejowa,A w tle propagandowe obrazy niemajacy nic wspÃ³lnego z material....smierdzi propagandÄ…,2025-12-07 04:49:53
linia kolejowa,"Litwa ma racjÄ™, zdemontowaÄ‡ i zaoraÄ‡. PosadziÄ‡ las dÄ™bowy.",2025-12-07 04:49:53
linia kolejowa,"Putin, to prosty szpieg KGB. Nie rozumie ekonomii, geopolityki itd. Rozumie tylko politykÄ™ siÅ‚y, tak piÄ™knie RosjÄ™ rozwala",2025-12-07 04:49:53
linia kolejowa,Jak globalne konflikty. A samemu czytaÄ‡ nie Å‚aska . Tylko te jÄ…kania przy mm. Czyli milimetrÃ³w a nie memenu.,2025-12-07 04:49:53
linia kolejowa,Dlaczego dopiero teraz?,2025-12-07 04:49:53
linia kolejowa,Rozmontowani poraz drugi kiedy siÄ™ NauczÄ… Å¼e szantaÅ¼ i straszenie to nie te czasy ? Trzeba robiÄ‡ Biznes nie Wojny ?,2025-12-07 04:49:53
linia kolejowa,a co z naszÄ… liniÄ… sowieckÄ… hutniczo - siarkowÄ… do huty Katowice czy w dalszym ciÄ…gu istnieje ??????,2025-12-07 04:49:53
linia kolejowa,Korytarz suwalski rownierz zamknac,2025-12-07 04:49:53
linia kolejowa,"Jak bedzie rozejm , czy zawieszenie wojny na Ukrainie , sankcje na Rosje powinny nadal obowiazywac , az do jej rozpadu i upokorzenia bojowych elit Kremla.",2025-12-07 04:49:53
linia kolejowa,"Putler uparÅ‚ siÄ™ by zniszczyÄ‡ RosjÄ™ i konsekwentnie to robi. PomÃ³Å¼my mu w tym i w koÅ„cu zapanuje spokÃ³j w Europie. Jeszcze trzeba anichilowaÄ‡ gada, ale tym siÄ™ zajmÄ… jego kumple.",2025-12-07 04:49:53
linia kolejowa,Gdyby UE byÅ‚a zjednoczona i USA nie graÅ‚o z ruskimi to ich moÅ¼na byÅ‚oby zatopiÄ‡ samÄ… ekonomiÄ….,2025-12-07 04:49:53
linia kolejowa,Ruskie trole to siÄ™ dzieje,2025-12-07 04:49:53
linia kolejowa,rosja jest skoÅ„czona !!!!!!,2025-12-07 04:49:53
linia kolejowa,"Onuce, nie pisaÄ‡ bzdur, ten demontaÅ¼ linii kolejowej na Åotwie jest potwierdzonym faktem!",2025-12-07 04:49:53
linia kolejowa,"Tak przedstawione, Å¼e niewiele moÅ¼na zrozumieÄ‡.",2025-12-07 04:49:53
linia kolejowa,"Bardzo fajny satyryczny kanaÅ‚, Å›miechu po pachy.",2025-12-07 04:49:53
linia kolejowa,"Wszystkie byÅ‚e republiki powinny to zrobiÄ‡, jeszcze odejÅ›Ä‡ od cyrylicy, aby symbolicznie pokazaÄ‡ ruskim, Å¼e ich czas siÄ™ skoÅ„czyÅ‚.",2025-12-07 04:49:53
linia kolejowa,"Wezcie to tÅ‚umaczenie AI do Å›mietnika, bo NIE CHCE SIE TEGO SÅUCHAÄ† -SAME BREDNIE SÅOWNE",2025-12-07 04:49:53
linia kolejowa,to jest Å¼aÅ‚osne zero faktÃ³w gÃ³wno na talerzu ai mnoÅ¼y te kanaÅ‚y i sieje fake newsy na skale przemysÅ‚owÄ…,2025-12-07 04:49:53
linia kolejowa,ale propaganda dla naiwnych. Ciekaw jestem kto uwierzy w ten AI beÅ‚kot.,2025-12-07 04:49:53
linia kolejowa,wkrÃ³tce i tak Sowieci nie bÄ™da mieÄ‡ co woziÄ‡ bo zostanÄ… tylko rowery i rakiety dobrze robiÄ… Å¼e rozbiorÄ… drogi linie kolejowe linie energetyczne,2025-12-07 04:49:53
linia kolejowa,"DokÅ‚adnie, lepiej bym tego nie ujÄ…Å‚... paÅ„stwa baÅ‚tyckie po prostu modernizujÄ… swoje infrastruktury transportowe. ;)",2025-12-07 04:49:53
linia kolejowa,Brawo ğŸ‘,2025-12-07 04:49:53
budowa autostrad,"no masz ! na pipidÃ³wie gdzie mieszka 5 osÃ³b na kilometr kwadratowy , same lasy , Å‚osie i jelenie budujÄ… S-11 a na GÃ³rnym ÅšlÄ…sku S-11 od Bytomia do LubliÅ„ca stara jedno jezdniowa droga , ruch po byku , wypadki , i nikt nie ma zamiaru zbudowaÄ‡ drogi expresowej , skandal !",2025-12-07 04:49:54
budowa autostrad,"muszÄ™ powiedziec ze co miesiÄ…c obserwujÄ™ te  filmy  dÅ‚uÅ¼sze  z  relacji calego budowanego odcinka  i dwie relfelxsje  sÄ… nastepujÄ…ce :  najdluzej budowany wezel  drgowy w Polsce  Szczecinek PÃ³Å‚noc , nie wiem czemu  tak  sie guzdrzÄ…  z tym miejscem zamiast  zrobic  i miec  ten fragment  juz z docelowym ukladem drogowym oddany do  ruchu --jaknajszybciej ...dziwne ,  a druga relflexsja jest  taka:  przebieg jak to bywa kazdej expresowki jest nudny i nuÅ¼Ä…cy  ( stÄ…d  tyle  wypadkÃ³w  - z nudÃ³w)   ale  budowany  nowy przebieg dk11   ktora pewnie bedzie miec  rangÄ™ drogi wojewodzkiej  BARDZO MI SIE PODOBA  i bede z radosciÄ… i entuzjazmem  jezdzic tym nowym przebiegiem dk 11 ... REWELACJA. NOWE ÅAGODNE ÅUKI , dwa ronda , jest  cos ciekawego  a w razie  WU  blisko jest  obok  S11  tak powinno sie budowac korytarze  trnasportowe , obie drogi blisko siebie , podobnie jak S 5.",2025-12-07 04:49:54
praca w IT,Jak IT oberwie to takÅ¼e caÅ‚a reszta teÅ¼ oberwie bo kto bÄ™dzie te mieszkania kupowaÅ‚ za 20k+ za metr. ZostanÄ… tylko lekarze i prawnicy ktÃ³rych bÄ™dzie staÄ‡ na takie mieszkanie ale oni to raczej wybiorÄ… dom pod WarszawÄ… lub jakieÅ› inne zaciszne miejsce. Ale nie tylko IT oberwie takie zawody jak ksiÄ™gowi i podobne teÅ¼ zostanÄ… wyparte zmniejszy siÄ™ ogÃ³lny popyt i takie sssanie w budowalance i inncyh zawodach podobnych juÅ¼ takiego ssania na prace  nie bÄ™dzie wiec one teÅ¼ podupadnÄ… :),2025-12-07 04:49:55
praca w IT,Panie Tomaszu moÅ¼e jakaÅ› audycja o narzÄ™dziach AI jakich Pan uÅ¼ywa w poÅ›rednictwie nieruchomoÅ›ci i jakieÅ› szkolenie na Symen24???,2025-12-07 04:49:55
praca w IT,"Potrzebne sÄ… filmy w ogÃ³le o aktualnych informacjach z polski ktÃ³re sÄ… stronnicze i rzetelne, w gÅ‚Ã³wnym nurcie nie ma na co liczyÄ‡",2025-12-07 04:49:55
nieruchomoÅ›ci,Nic dziwnego Å¼e w sÅ‚uÅ¼bie zdrowia brakuje pieniÄ™dzy jak Polska leczy dwa narody....,2025-12-07 04:49:55
nieruchomoÅ›ci,polski zloty to papier sraczowy,2025-12-07 04:49:55
nieruchomoÅ›ci,ğŸ˜‚ğŸ˜‚ğŸ˜‚ nie ma pieniedzy na sluzbe zdrowia dziwne bo jak Tusk rzadzi to zawsze to samo. ğŸ˜…ğŸ˜…ale na wojne to sa pieniadze i to miljardy. Bandyci rzadza krajem.ğŸ˜…ğŸ˜…ğŸ˜…,2025-12-07 04:49:55
nieruchomoÅ›ci,Åapka w gÃ³rÄ™! ğŸ‰,2025-12-07 04:49:55
nieruchomoÅ›ci,"GadÅ¼ety z zakresie kÅ‚opotÃ³w na rynku nieruchomoÅ›ci w na USA. Czy gÅ‚Ã³wnym czynnikiem nie jest podatek katastralny siÄ™gajÄ…cy czasem 2,5%?",2025-12-07 04:49:55
nieruchomoÅ›ci,"Afery i skandale za rzÄ…dÃ³w PO (2007-2015) 
Afera Rywina, Afera Beaty Sawickiej, Afera hazardowa,Afera Amber Gold, Afera podsÅ‚uchowa / ""taÅ›mowa"", Infoafera 
Afery i skandale za rzÄ…dÃ³w PiS (2015-2023) 
Afera SKOK-Ã³w, Afera zwiÄ…zana z BartÅ‚omiejem Misiewiczem, Loty KuchciÅ„skiego, Afera ""dwÃ³ch wieÅ¼"" / Srebrna, Afera maseczkowa, Afera mailowa Dworczyka, Afera Pegasusa, Afera ""Willa Plus, Afera wizowa, Afera w KGHM
A wy potraficie sie obrzucac blotem, ktora partia jest lepsza. Rece opadaja, przestancie glosowac na PO I PIS",2025-12-07 04:49:55
nieruchomoÅ›ci,"Dramat SÅ‚uÅ¼by Zdrowi ?
co to za bzdury
pensje po 20-100tys. i to ma byÄ‡ dramat ?
Dramat to jest dla chorych i podatnikÃ³w",2025-12-07 04:49:55
nieruchomoÅ›ci,"Nigdy nie wystarczy pieniÄ™dzy na SÅ‚. Zdrowia. 1sza wizyta na NFZ nastÄ™pna, 200zl 5 minut. 12x200...",2025-12-07 04:49:55
nieruchomoÅ›ci,"No tak, Ci na ciepÅ‚ych PaÅ„stwowych posadkach dogoniÄ…. Tylko jest pewna rÃ³Å¼nica, w Polsce jest mnÃ³stwo zagranicznych firm, ktÃ³re nawet nie pÅ‚acÄ… w Polsce podatkÃ³w. WiÄ™c naprawdÄ™ porÃ³wnywanie kraju wedÅ‚ug PKB, to jakiÅ› nieÅ›mieszny Å¼art. Ale cÃ³Å¼ w tym kraju 36 lat rzÄ…dzi postkomuna, to i moÅ¼na takie rzeczy ludziom wmawiaÄ‡",2025-12-07 04:49:55
nieruchomoÅ›ci,"Pojawia siÄ™ reklama ,,ÅšledÅ¼ i zgÅ‚aszaj kleszcze"" Okazuje siÄ™ ,Å¼e kleszcze sÄ… najgroÅ¼niejsze w Å›rodku zimy. Jest na Å›wiecie kraj ,w ktÃ³rym deszcz pada do gÃ³ry. MoÅ¼emy byÄ‡ dumni ,Å¼e to wlaÅ›nie nasz kraj. Chyba ,Å¼e kleszcze to polscy patrioci a reklama przypomina zafajdanym amerykaÅ„sk0 polskim kapusiom Å¼eby byÄ‡ czujnym skoro pobiera siÄ™ takie giga profity. MÃ³j znajomy powtarza od lat - polska to piÄ™kny kraj tylko ludzie skurwysyny.",2025-12-07 04:49:55
nieruchomoÅ›ci,"Lekarze kradnÄ… na caÅ‚ego. Ale ja juÅ¼ byÅ‚em w szpitalu i widziaÅ‚em, Å¼e leczenia tam nie ma. Jedno wielkie oszustwo!",2025-12-07 04:49:55
nieruchomoÅ›ci,NieÅºle lekarze pokradli ...,2025-12-07 04:49:55
nieruchomoÅ›ci,"W stanach sÄ… firmy, ktÃ³re wykupujÄ… masowo mieszkania.
To samo dotyczy Polski. Mega fundusz z niemiec, kupiÅ‚ w Polsce ponad 5000 mieszkaÅ„. W ten sposÃ³b wynajmujÄ…cy Polac, pÅ‚acÄ… na niemieckie emerytury.
Trzeba to jakoÅ› rozwiÄ…zaÄ‡. 
Kilka tysiÄ™cy kilometrÃ³w a problem podobny",2025-12-07 04:49:55
nieruchomoÅ›ci,Na leczenie nie ma ale dla gÃ³rnikÃ³w zawsze siÄ™ znajdzie.,2025-12-07 04:49:55
nieruchomoÅ›ci,"PopularnoÅ›Ä‡ to ciÄ™Å¼ki chleb, WspÃ³Å‚czujÄ™ czÄ™Å›ci widzÃ³w chÅ‚opaki...  U nich to efekt niskiej samooceny i zderzenia z rzeczywistoÅ›ciÄ… na widok skilli u lepszych od siebie:) XD 
 DziÄ™ki za dobrÄ… robotÄ™!",2025-12-07 04:49:55
nieruchomoÅ›ci,"Gonimy zachÃ³d naszym pkb, szkoda Å¼e nie zarobkami w stosunku do cen xDDDD. U nas kraj mlekiem i miodem pÅ‚ynÄ…cy.......",2025-12-07 04:49:55
nieruchomoÅ›ci,"Katastrofa, dramat pisane duÅ¼ymi literami. Nie zostawia pan miejsca na prawdziwe dramaty i katastrofy.",2025-12-07 04:49:55
nieruchomoÅ›ci,"MateriaÅ‚ AI. Facet gada jak katarynka bez zaciÄ™Ä‡ i ludzkich odruchÃ³w. A merytorycznie ok, choÄ‡ to takie lanie wody.",2025-12-07 04:49:55
nieruchomoÅ›ci,"Cudownie Å¼e za 8 lat dogonimy Brytyjski Pakistan :)

a z USA to 100% prawdy. PrzeciÄ™tnych ludzi nie staÄ‡ na przeciÄ™tne mieszkanie. Jak u nas.",2025-12-07 04:49:55
nieruchomoÅ›ci,"Na wÅ‚asnym przykÅ‚adzie:  30-stka zbliÅ¼a siÄ™ nieubÅ‚aganie, a wÅ‚asnego domu/dachu nad gÅ‚owÄ… brak (o rodzinie nawet nie mÃ³wie/nie mysle)...
Skonczylem studia kilka lat temu, pracuje duzo, bo po 200h miesiecznie, niby na zarobki nie narzekam (ponad srednia/10tys/mies w -jeszcze - mlodym wieku), ale na niewiele sie to zdaje w obecnych czasach, praca po prostu juz nie poplaca ... Tak sie wysilajac i badz co badz wyrozniajac na tle rowiesnikow moge sobie pozwolic co najwyzej na 25-30m kawaler..klatke* albo male mieszkanie na obrzezach - oczywiscie wszystko w kredycie na 25/30 lat - wiec po co sie starac/robic cos ponad poziom ... Teraz o wiele bardziej sie oplaca odziedziczyc jakas dzialke, dom czy mieszkanie po rodzicach/dziadkach za mlodu niz sie nadmiernie wysilac - taka jest smutna prawda, taki system...

Wiec jak sie mnie boomery czy inne staruchy bezczelnie pytaja kiedy wlasny dom i rodzina to mi sie rzygac chce(na caly ten kraj) i odechciewa sie wszystkiego ... 
W ogole politycy czy inne landlordy z kilkoma-kilkunastoma mieszkaniami(czesty przypadek) niby dyskutujacy co mozna poprawic na rynku nieruchmosci czy o problemach z demografia to tez jest niezly cyrk ... hipokryci ...
A szkoda strzÄ™piÄ‡ ryja.",2025-12-07 04:49:55
nieruchomoÅ›ci,Glapa teraz bohater bo nie bÄ™dzie juÅ¼ premii od Morawieckiego za napÄ™dzanie inflacji wiÄ™c jemu teÅ¼ kasa sie kurczy. Czy kiedyÅ› te pataÅ‚achy zapÅ‚acÄ… za okradzenie caÅ‚ego narodu?,2025-12-07 04:49:55
nieruchomoÅ›ci,"leczymy przybyszy ze wschodu za free, ich zoÅ‚nieÅ¼y, placimy im 800 plus, dajemy mieszkania, dotujemy konflikt, zadÅ‚uÅ¼amy siÄ™ na dziesiÄ…tki lat by kupiÄ‡ 2 albo 3 Å‚odzie podwodne, moÅ¼e to o to chodzi by nas wykonczyÄ‡ i powalic na kolana... ci politycy powinni dostac najwyÅ¼szÄ… karÄ™",2025-12-07 04:49:55
nieruchomoÅ›ci,Podobno ponad 50% nieruchomoÅ›ci w USA staniaÅ‚o r/r takÅ¼e moÅ¼liwoÅ›Ä‡ rozpoczÄ™cia korekty jak najbardziej prawdopodobna,2025-12-07 04:49:55
nieruchomoÅ›ci,Brawo donek Na co wy narzekacie oklaski dla waszego idolağŸ˜‚ğŸ˜‚ğŸ˜‚ğŸ˜‚,2025-12-07 04:49:55
nieruchomoÅ›ci,"Wszyscy Å¼yjemy ne kredyt i gonimy superkryzys, czy bÄ™dziemy tam przed AngliÄ… i FrancjÄ…?",2025-12-07 04:49:55
nieruchomoÅ›ci,OglÄ…danie tego filmu to strata czasu. Kompletne gÃ³wno.,2025-12-07 04:49:55
nieruchomoÅ›ci,jak polactwo gÅ‚osowaÅ‚o tak majÄ… hahahah a teraz pÅ‚acz,2025-12-07 04:49:55
nieruchomoÅ›ci,Åadnie Tuski nas zaÅ‚atwiÅ‚y.,2025-12-07 04:49:55
nieruchomoÅ›ci,"powiela pan tzw ""prawdy"" rzÄ…dowe, GalpiÅ„ski siÄ™ do nich zalicza. A to gÃ³wno prawdy. Te ""fakty"" nie majÄ… pokrycia w rzeczywistej gospodarce.",2025-12-07 04:49:55
nieruchomoÅ›ci,Gj bro â¤,2025-12-07 04:49:55
nieruchomoÅ›ci,Zgadzam siÄ™ nawet szybciej dogonimy bo w angli jest coraz gorzej z tym rzÄ…dem to i przegonimy ğŸ˜‚,2025-12-07 04:49:55
nieruchomoÅ›ci,Komentarz taktyczny,2025-12-07 04:49:55
nieruchomoÅ›ci,Prawda mieszkam w CT ceny domow  to masakra.,2025-12-07 04:49:55
nieruchomoÅ›ci,"krw... SkÅ‚adka na NFZ (ubezpieczenie zdrowotne) to zazwyczaj 9% podstawy, dalej maÅ‚o ...",2025-12-07 04:49:55
nieruchomoÅ›ci,DorÃ³wnanie do Anglii czy Francji jest moÅ¼liwe... tylko Å¼e nie na zasadzie Å¼e My podskoczymy... tylko z powodu Å¼e zachodnia Europa siÄ™ stacza... Pozdrawiam.,2025-12-07 04:49:55
nieruchomoÅ›ci,jak fakty zmincie to,2025-12-07 04:49:55
nieruchomoÅ›ci,DzieÅ„ dobry. Ziemia jest pÅ‚aska.DziÄ™kujÄ™.,2025-12-07 04:49:55
